id,eventname,time,description,topic
1,Tech Innovators Summit,2023-01-10 09:00,"The **Tech Innovators Summit** is an annual gathering of visionaries, entrepreneurs, and industry leaders. Held at the state-of-the-art Convention Center, this event brings together experts from diverse fields—AI, blockchain, biotech, and more. Attendees can expect thought-provoking keynote speeches, interactive workshops, and networking opportunities. Whether you're a seasoned professional or a curious student, the summit promises valuable insights and connections.",5
2,CodeCraft Workshop Series,2023-02-15 14:30,"**CodeCraft Workshop Series** invites developers, designers, and tech enthusiasts to dive deep into practical coding challenges. In this session, we'll explore advanced data structures and algorithms. Our expert instructors will guide you through real-world scenarios, helping you sharpen your problem-solving skills. Bring your laptops and curiosity—there's no better way to spend a Saturday afternoon!",3
3,Machine Learning Unleashed Webinar,2023-03-20 18:00,"Join us for the **Machine Learning Unleashed Webinar**, where Dr. Emily Chen, a renowned data scientist, will demystify ML concepts. From regression to neural networks, she'll cover it all. Plus, get a sneak peek into cutting-edge research. Whether you're a beginner or a seasoned ML practitioner, this session promises actionable takeaways and a chance to connect with fellow enthusiasts.",7
4,Financial Planning Masterclass,2023-04-05 11:15,"**Seminar D: Financial Planning for Startups** is a must-attend for budding entrepreneurs. Led by financial guru Mark Johnson, this masterclass delves into budgeting, fundraising, and risk management. Learn how to navigate the financial maze, optimize cash flow, and secure funding. Bring your questions—Mark's expertise will leave you inspired and well-prepared.",2
5,CodeJam: 24-Hour Hackathon,2023-05-12 10:00,"**CodeJam: 24-Hour Hackathon** is where creativity meets caffeine-fueled coding. Teams of developers, designers, and dreamers will tackle real-world challenges. From building chatbots to optimizing supply chains, the possibilities are endless. Prizes await the most innovative solutions. Don't forget your sleeping bag—this adrenaline-packed event won't stop until the sun rises!",9
6,Inclusion Matters Panel Discussion,2023-06-18 16:45,"**Inclusion Matters Panel Discussion (Panel F)** brings together trailblazers in diversity and inclusion. Join our esteemed panelists—activists, CEOs, and artists—as they discuss breaking barriers. From gender equality to neurodiversity, we'll explore how organizations can foster a more inclusive culture. Audience participation is encouraged—let's create change together!",4
7,ConnectX: Networking Extravaganza,2023-07-22 19:30,"**ConnectX: Networking Extravaganza** is not your average mixer. Picture this: fairy lights, jazz music, and a rooftop garden. Rub shoulders with industry titans, startup founders, and fellow professionals. Exchange business cards, swap stories, and maybe even hatch a collaboration. Dress to impress—your next big opportunity might be just a handshake away!",8
8,QuantumLeap Software Launch,2023-08-08 13:00,"Get ready for the unveiling of **QuantumLeap**, the game-changing software suite. Our CEO, Dr. Sophia Rodriguez, will showcase its features: quantum encryption, hyperdimensional data visualization, and AI-driven anomaly detection. Witness the future of cybersecurity and data analytics. Bonus: exclusive early access for attendees. Mark your calendars!",1
9,Career Pathways Fair,2023-09-25 10:30,"**Career Pathways Fair (Event I)** is where dreams meet reality. Graduating soon? Explore job opportunities across industries—tech, healthcare, finance, and more. Chat with recruiters, attend mock interviews, and fine-tune your elevator pitch. Pro tip: wear your lucky socks. Who knows? Your next career move might be waiting at Booth #7!",6
10,Startup Showdown: Demo Day,2023-10-30 15:20,"**Startup Showdown: Demo Day (Event J)** is the grand finale of our accelerator program. Founders from 10 startups will pitch their disruptive ideas to a panel of investors. From AI-driven pet care to sustainable fashion, expect surprises. Who will win the coveted golden pineapple trophy? Join us and witness innovation in action!",10
